System,Residue,Category
PSY-FSPP,0,High_Flexibility
PSY-FSPP,1,High_Flexibility
PSY-FSPP,2,High_Flexibility
PSY-FSPP,3,High_Flexibility
PSY-FSPP,57,High_Flexibility
PSY-FSPP,58,High_Flexibility
PSY-FSPP,59,High_Flexibility
PSY-FSPP,281,High_Flexibility
PSY-FSPP,298,High_Flexibility
PSY-FSPP,299,High_Flexibility
PSY-GGPP,0,High_Flexibility
PSY-GGPP,57,High_Flexibility
PSY-GGPP,58,High_Flexibility
PSY-GGPP,59,High_Flexibility
PSY-GGPP,119,High_Flexibility
PSY-GGPP,120,High_Flexibility
PSY-GGPP,121,High_Flexibility
PSY-GGPP,297,High_Flexibility
PSY-GGPP,298,High_Flexibility
PSY-GGPP,299,High_Flexibility
CrtM-FSPP,0,High_Flexibility
CrtM-FSPP,1,High_Flexibility
CrtM-FSPP,114,High_Flexibility
CrtM-FSPP,147,High_Flexibility
CrtM-FSPP,148,High_Flexibility
CrtM-FSPP,149,High_Flexibility
CrtM-FSPP,201,High_Flexibility
CrtM-FSPP,202,High_Flexibility
CrtM-FSPP,203,High_Flexibility
CrtM-GGPP,0,High_Flexibility
CrtM-GGPP,1,High_Flexibility
CrtM-GGPP,2,High_Flexibility
CrtM-GGPP,76,High_Flexibility
CrtM-GGPP,146,High_Flexibility
CrtM-GGPP,147,High_Flexibility
CrtM-GGPP,200,High_Flexibility
CrtM-GGPP,201,High_Flexibility
CrtM-GGPP,202,High_Flexibility
CrtM-GGPP,262,High_Flexibility
CrtM-GGPP,281,High_Flexibility
